Name,ID,Dep,Phone number
Muhammed,3,Muhammed,Muhammed
Muhammed,Muhammed,Muhammed,Muhammed
Muhammed,Muhammed,Muhammed,Muhammed
Muhammed,Muhammed,Muhammed,Muhammed
Muhammed,Muhammed,Muhammed,Muhammed
Muhammed,Muhammed,Muhammed,Muhammed
Muhammed,Muhammed,Muhammed,Muhammed
Muhammed,Muhammed,Muhammed,Muhammed
Muhammed,Muhammed,Muhammed,Muhammed
Muhammed,Muhammed,Muhammed,Muhammed
Muhammed,Muhammed,Muhammed,Muhammed
Muhammed,Muhammed,Muhammed,Muhammed
Muhammed,Muhammed,Muhammed,Muhammed
Muhammed,Muhammed,Muhammed,Muhammed
Muhammed,Muhammed,Muhammed,Muhammed
Muhammed,Muhammed,Muhammed,Muhammed
Muhammed,Muhammed,Muhammed,Muhammed
Muhammed,Muhammed,Muhammed,Muhammed
Muhammed,Muhammed,Muhammed,Muhammed
Muhammed,Muhammed,Muhammed,Muhammed
Muhammed,Muhammed,Muhammed,Muhammed
